predicted,reasoning,actual
2,"[""filter_with_attribute: EventType.action - Action: filter_with_attribute starts, Args: {'object_ids': [], 'attribute': 'shape', 'value': 'sphere'}"", 'filter_with_attribute: EventType.action_output - Action: filter_with_attribute finishes, Observation: [2, 3, 7]', ""filter_with_attribute: EventType.action - Action: filter_with_attribute starts, Args: {'object_ids': [0, 1, 4, 5, 6, 8, 9], 'attribute': 'material', 'value': 'metal'}"", 'filter_with_attribute: EventType.action_output - Action: filter_with_attribute finishes, Observation: [0, 5]', ""answer_counting: EventType.action - Action: answer_counting starts, Args: {'answer': 2}"", 'answer_counting: EventType.action_output - Action: answer_counting finishes, Observation: 2']",2
3,"[""get_same_objects: EventType.action - Action: get_same_objects starts, Args: {'object_id': 0, 'attribute': 'color'}"", 'get_same_objects: EventType.action_output - Action: get_same_objects finishes, Observation: [4]', ""get_related_objects: EventType.action - Action: get_related_objects starts, Args: {'object_id': 4, 'relation': 'front'}"", 'get_related_objects: EventType.action_output - Action: get_related_objects finishes, Observation: [0, 1, 2, 3, 5, 6, 7, 8, 9]', ""filter_with_attribute: EventType.action - Action: filter_with_attribute starts, Args: {'object_ids': [0, 1, 2, 3, 5, 6, 7, 8, 9], 'attribute': 'shape', 'value': 'cylinder'}"", 'filter_with_attribute: EventType.action_output - Action: filter_with_attribute finishes, Observation: [0, 5, 6, 8, 9]', ""answer_counting: EventType.action - Action: answer_counting starts, Args: {'answer': 3}"", 'answer_counting: EventType.action_output - Action: answer_counting finishes, Observation: 3']",0
6,"[""filter_with_attribute: EventType.action - Action: filter_with_attribute starts, Args: {'object_ids': [], 'attribute': 'Shape', 'value': 'cylinder'}"", ""critic: EventType.action_output - Error in executing action: filter_with_attribute. Error: 'Shape'"", ""filter_with_attribute: EventType.action - Action: filter_with_attribute starts, Args: {'object_ids': [], 'attribute': 'shape', 'value': 'cylinder'}"", 'filter_with_attribute: EventType.action_output - Action: filter_with_attribute finishes, Observation: [0, 1, 3, 4, 5, 6]', ""filter_with_attribute: EventType.action - Action: filter_with_attribute starts, Args: {'object_ids': [0, 1, 3, 4, 5, 6], 'attribute': 'shape', 'value': 'cube'}"", 'filter_with_attribute: EventType.action_output - Action: filter_with_attribute finishes, Observation: []', ""answer_counting: EventType.action - Action: answer_counting starts, Args: {'answer': 6}"", 'answer_counting: EventType.action_output - Action: answer_counting finishes, Observation: 6']",8
2,"[""filter_with_attribute: EventType.action - Action: filter_with_attribute starts, Args: {'object_ids': [], 'attribute': 'shape', 'value': 'sphere'}"", 'filter_with_attribute: EventType.action_output - Action: filter_with_attribute finishes, Observation: [1, 2]', ""answer_counting: EventType.action - Action: answer_counting starts, Args: {'answer': 2}"", 'answer_counting: EventType.action_output - Action: answer_counting finishes, Observation: 2']",2
5,"[""filter_with_attribute: EventType.action - Action: filter_with_attribute starts, Args: {'object_ids': [], 'attribute': 'material', 'value': 'metal'}"", 'filter_with_attribute: EventType.action_output - Action: filter_with_attribute finishes, Observation: [0, 1, 6, 7, 8]', ""answer_counting: EventType.action - Action: answer_counting starts, Args: {'answer': 5}"", 'answer_counting: EventType.action_output - Action: answer_counting finishes, Observation: 5']",5
2,"[""filter_with_attribute: EventType.action - Action: filter_with_attribute starts, Args: {'object_ids': [], 'attribute': 'shape', 'value': 'cube'}"", 'filter_with_attribute: EventType.action_output - Action: filter_with_attribute finishes, Observation: [0, 2, 3]', ""get_same_objects: EventType.action - Action: get_same_objects starts, Args: {'object_id': 0, 'attribute': 'material'}"", 'get_same_objects: EventType.action_output - Action: get_same_objects finishes, Observation: [2]', ""filter_with_attribute: EventType.action - Action: filter_with_attribute starts, Args: {'object_ids': [0, 2, 3], 'attribute': 'material', 'value': 'metal'}"", 'filter_with_attribute: EventType.action_output - Action: filter_with_attribute finishes, Observation: [0, 2]', ""answer_counting: EventType.action - Action: answer_counting starts, Args: {'answer': 2}"", 'answer_counting: EventType.action_output - Action: answer_counting finishes, Observation: 2']",1
2,"[""filter_with_attribute: EventType.action - Action: filter_with_attribute starts, Args: {'object_ids': [], 'attribute': 'shape', 'value': 'cube'}"", 'filter_with_attribute: EventType.action_output - Action: filter_with_attribute finishes, Observation: [5, 9]', ""get_same_objects: EventType.action - Action: get_same_objects starts, Args: {'object_id': 5, 'attribute': 'size'}"", 'get_same_objects: EventType.action_output - Action: get_same_objects finishes, Observation: [1, 3, 4, 9]', ""answer_counting: EventType.action - Action: answer_counting starts, Args: {'answer': 2}"", 'answer_counting: EventType.action_output - Action: answer_counting finishes, Observation: 2']",2
2,"[""filter_with_attribute: EventType.action - Action: filter_with_attribute starts, Args: {'object_ids': [], 'attribute': 'shape', 'value': 'sphere'}"", 'filter_with_attribute: EventType.action_output - Action: filter_with_attribute finishes, Observation: [1, 2]', ""answer_counting: EventType.action - Action: answer_counting starts, Args: {'answer': 2}"", 'answer_counting: EventType.action_output - Action: answer_counting finishes, Observation: 2']",2
1,"[""filter_with_attribute: EventType.action - Action: filter_with_attribute starts, Args: {'object_ids': [], 'attribute': 'color', 'value': 'purple'}"", 'filter_with_attribute: EventType.action_output - Action: filter_with_attribute finishes, Observation: [3]', ""answer_counting: EventType.action - Action: answer_counting starts, Args: {'answer': 1}"", 'answer_counting: EventType.action_output - Action: answer_counting finishes, Observation: 1']",1
1,"[""get_related_objects: EventType.action - Action: get_related_objects starts, Args: {'object_id': '1', 'relation': 'behind'}"", 'critic: EventType.action_output - Error in executing action: get_related_objects. Error: list indices must be integers or slices, not str', ""get_related_objects: EventType.action - Action: get_related_objects starts, Args: {'object_id': 1, 'relation': 'behind'}"", 'get_related_objects: EventType.action_output - Action: get_related_objects finishes, Observation: [0, 4, 6]', ""filter_with_attribute: EventType.action - Action: filter_with_attribute starts, Args: {'object_ids': [0, 4, 6], 'attribute': 'shape', 'value': 'cylinder'}"", 'filter_with_attribute: EventType.action_output - Action: filter_with_attribute finishes, Observation: [6]', ""answer_counting: EventType.action - Action: answer_counting starts, Args: {'answer': 1}"", 'answer_counting: EventType.action_output - Action: answer_counting finishes, Observation: 1']",2
2,"[""filter_with_attribute: EventType.action - Action: filter_with_attribute starts, Args: {'object_ids': [], 'attribute': 'material', 'value': 'metal'}"", 'filter_with_attribute: EventType.action_output - Action: filter_with_attribute finishes, Observation: [0, 2]', ""answer_counting: EventType.action - Action: answer_counting starts, Args: {'answer': 2}"", 'answer_counting: EventType.action_output - Action: answer_counting finishes, Observation: 2']",2
2,"[""filter_with_attribute: EventType.action - Action: filter_with_attribute starts, Args: {'object_ids': [], 'attribute': 'color', 'value': 'purple'}"", 'filter_with_attribute: EventType.action_output - Action: filter_with_attribute finishes, Observation: [0, 4, 5, 8]', ""filter_with_attribute: EventType.action - Action: filter_with_attribute starts, Args: {'object_ids': [0, 4, 5, 8], 'attribute': 'material', 'value': 'metal'}"", 'filter_with_attribute: EventType.action_output - Action: filter_with_attribute finishes, Observation: [5, 8]', ""answer_counting: EventType.action - Action: answer_counting starts, Args: {'answer': 2}"", 'answer_counting: EventType.action_output - Action: answer_counting finishes, Observation: 2']",2
1,"[""filter_with_attribute: EventType.action - Action: filter_with_attribute starts, Args: {'object_ids': [], 'attribute': 'shape', 'value': 'cube'}"", 'filter_with_attribute: EventType.action_output - Action: filter_with_attribute finishes, Observation: [1]', ""answer_counting: EventType.action - Action: answer_counting starts, Args: {'answer': 1}"", 'answer_counting: EventType.action_output - Action: answer_counting finishes, Observation: 1']",1
5,"[""get_same_objects: EventType.action - Action: get_same_objects starts, Args: {'object_id': 0, 'attribute': 'color'}"", 'get_same_objects: EventType.action_output - Action: get_same_objects finishes, Observation: [5]', ""answer_counting: EventType.action - Action: answer_counting starts, Args: {'answer': 5}"", 'answer_counting: EventType.action_output - Action: answer_counting finishes, Observation: 5']",1
2,"[""filter_with_attribute: EventType.action - Action: filter_with_attribute starts, Args: {'object_ids': [], 'attribute': 'shape', 'value': 'sphere'}"", 'filter_with_attribute: EventType.action_output - Action: filter_with_attribute finishes, Observation: [1, 3]', ""answer_counting: EventType.action - Action: answer_counting starts, Args: {'answer': 2}"", 'answer_counting: EventType.action_output - Action: answer_counting finishes, Observation: 2']",2
1,"[""filter_with_attribute: EventType.action - Action: filter_with_attribute starts, Args: {'object_ids': [], 'attribute': 'size', 'value': 'small'}"", 'filter_with_attribute: EventType.action_output - Action: filter_with_attribute finishes, Observation: [0, 2, 3]', ""filter_with_attribute: EventType.action - Action: filter_with_attribute starts, Args: {'object_ids': [0, 2, 3], 'attribute': 'material', 'value': 'rubber'}"", 'filter_with_attribute: EventType.action_output - Action: filter_with_attribute finishes, Observation: [0]', ""answer_counting: EventType.action - Action: answer_counting starts, Args: {'answer': 1}"", 'answer_counting: EventType.action_output - Action: answer_counting finishes, Observation: 1']",1
No answer found.,"[""get_same_objects: EventType.action - Action: get_same_objects starts, Args: {'object_id': 0, 'attribute': 'shape'}"", 'get_same_objects: EventType.action_output - Action: get_same_objects finishes, Observation: [3, 4, 6]', ""get_related_objects: EventType.action - Action: get_related_objects starts, Args: {'object_id': 0, 'relation': 'front'}"", 'get_related_objects: EventType.action_output - Action: get_related_objects finishes, Observation: []', ""get_same_objects: EventType.action - Action: get_same_objects starts, Args: {'object_id': 0, 'attribute': 'color'}"", 'get_same_objects: EventType.action_output - Action: get_same_objects finishes, Observation: []', ""get_same_objects: EventType.action - Action: get_same_objects starts, Args: {'object_id': 0, 'attribute': 'color'}"", 'get_same_objects: EventType.action_output - Action: get_same_objects finishes, Observation: []', ""get_same_objects: EventType.action - Action: get_same_objects starts, Args: {'object_id': 0, 'attribute': 'color'}"", 'get_same_objects: EventType.action_output - Action: get_same_objects finishes, Observation: []', ""get_same_objects: EventType.action - Action: get_same_objects starts, Args: {'object_id': 0, 'attribute': 'color'}"", 'get_same_objects: EventType.action_output - Action: get_same_objects finishes, Observation: []', ""get_same_objects: EventType.action - Action: get_same_objects starts, Args: {'object_id': 0, 'attribute': 'color'}"", 'get_same_objects: EventType.action_output - Action: get_same_objects finishes, Observation: []', ""get_related_objects: EventType.action - Action: get_related_objects starts, Args: {'object_id': 0, 'relation': 'front'}"", 'get_related_objects: EventType.action_output - Action: get_related_objects finishes, Observation: []', ""get_same_objects: EventType.action - Action: get_same_objects starts, Args: {'object_id': 3, 'attribute': 'color'}"", 'get_same_objects: EventType.action_output - Action: get_same_objects finishes, Observation: [5, 6]']",0
3,"[""filter_with_attribute: EventType.action - Action: filter_with_attribute starts, Args: {'object_ids': [], 'attribute': 'shape', 'value': 'cylinder'}"", 'filter_with_attribute: EventType.action_output - Action: filter_with_attribute finishes, Observation: [0, 5, 7]', ""answer_counting: EventType.action - Action: answer_counting starts, Args: {'answer': 3}"", 'answer_counting: EventType.action_output - Action: answer_counting finishes, Observation: 3']",3
4,"[""filter_with_attribute: EventType.action - Action: filter_with_attribute starts, Args: {'object_ids': [], 'attribute': 'shape', 'value': 'cylinder'}"", 'filter_with_attribute: EventType.action_output - Action: filter_with_attribute finishes, Observation: [0, 1, 2, 3, 5, 6]', ""filter_with_attribute: EventType.action - Action: filter_with_attribute starts, Args: {'object_ids': [0, 1, 2, 3, 5, 6], 'attribute': 'material', 'value': 'metal'}"", 'filter_with_attribute: EventType.action_output - Action: filter_with_attribute finishes, Observation: [0, 3, 5, 6]', ""answer_counting: EventType.action - Action: answer_counting starts, Args: {'answer': 4}"", 'answer_counting: EventType.action_output - Action: answer_counting finishes, Observation: 4']",4
0,"[""answer_querying: EventType.action - Action: answer_querying starts, Args: {'answer': '0'}"", 'answer_querying: EventType.action_output - Action: answer_querying finishes, Observation: 0']",1
2,"[""filter_with_attribute: EventType.action - Action: filter_with_attribute starts, Args: {'object_ids': [], 'attribute': 'shape', 'value': 'cube'}"", 'filter_with_attribute: EventType.action_output - Action: filter_with_attribute finishes, Observation: [2, 4]', ""answer_counting: EventType.action - Action: answer_counting starts, Args: {'answer': 2}"", 'answer_counting: EventType.action_output - Action: answer_counting finishes, Observation: 2']",2
3,"[""filter_with_attribute: EventType.action - Action: filter_with_attribute starts, Args: {'object_ids': [], 'attribute': 'shape', 'value': 'sphere'}"", 'filter_with_attribute: EventType.action_output - Action: filter_with_attribute finishes, Observation: [2, 5, 7]', ""answer_counting: EventType.action - Action: answer_counting starts, Args: {'answer': 3}"", 'answer_counting: EventType.action_output - Action: answer_counting finishes, Observation: 3']",3
3,"[""filter_with_attribute: EventType.action - Action: filter_with_attribute starts, Args: {'object_ids': [], 'attribute': 'shape', 'value': 'cylinder'}"", 'filter_with_attribute: EventType.action_output - Action: filter_with_attribute finishes, Observation: [0, 2, 3]', ""answer_counting: EventType.action - Action: answer_counting starts, Args: {'answer': 3}"", 'answer_counting: EventType.action_output - Action: answer_counting finishes, Observation: 3']",3
3,"[""filter_with_attribute: EventType.action - Action: filter_with_attribute starts, Args: {'object_ids': [], 'attribute': 'shape', 'value': 'sphere'}"", 'filter_with_attribute: EventType.action_output - Action: filter_with_attribute finishes, Observation: [0, 5, 7, 8]', ""filter_with_attribute: EventType.action - Action: filter_with_attribute starts, Args: {'object_ids': [0, 5, 7, 8], 'attribute': 'size', 'value': 'small'}"", 'filter_with_attribute: EventType.action_output - Action: filter_with_attribute finishes, Observation: [0, 5, 7]', ""answer_counting: EventType.action - Action: answer_counting starts, Args: {'answer': 3}"", 'answer_counting: EventType.action_output - Action: answer_counting finishes, Observation: 3']",3
0,"[""filter_with_attribute: EventType.action - Action: filter_with_attribute starts, Args: {'object_ids': [], 'attribute': 'material', 'value': 'metal'}"", 'filter_with_attribute: EventType.action_output - Action: filter_with_attribute finishes, Observation: [0, 1, 5, 6, 7, 8]', ""filter_with_attribute: EventType.action - Action: filter_with_attribute starts, Args: {'object_ids': [0, 1, 5, 6, 7, 8], 'attribute': 'color', 'value': 'yellow'}"", 'filter_with_attribute: EventType.action_output - Action: filter_with_attribute finishes, Observation: [1, 6, 7]', ""answer_counting: EventType.action - Action: answer_counting starts, Args: {'answer': 0}"", 'answer_counting: EventType.action_output - Action: answer_counting finishes, Observation: 0']",3
3,"[""filter_with_attribute: EventType.action - Action: filter_with_attribute starts, Args: {'object_ids': [], 'attribute': 'material', 'value': 'metal'}"", 'filter_with_attribute: EventType.action_output - Action: filter_with_attribute finishes, Observation: [0, 1, 3]', ""answer_counting: EventType.action - Action: answer_counting starts, Args: {'answer': 3}"", 'answer_counting: EventType.action_output - Action: answer_counting finishes, Observation: 3']",3
4,"[""filter_with_attribute: EventType.action - Action: filter_with_attribute starts, Args: {'object_ids': [], 'attribute': 'shape', 'value': 'cylinder'}"", 'filter_with_attribute: EventType.action_output - Action: filter_with_attribute finishes, Observation: [1, 2, 6, 9]', ""answer_counting: EventType.action - Action: answer_counting starts, Args: {'answer': 4}"", 'answer_counting: EventType.action_output - Action: answer_counting finishes, Observation: 4']",4
1,"[""filter_with_attribute: EventType.action - Action: filter_with_attribute starts, Args: {'object_ids': [], 'attribute': 'material', 'value': 'rubber'}"", 'filter_with_attribute: EventType.action_output - Action: filter_with_attribute finishes, Observation: [0]', ""answer_counting: EventType.action - Action: answer_counting starts, Args: {'answer': 1}"", 'answer_counting: EventType.action_output - Action: answer_counting finishes, Observation: 1']",1
1,"[""filter_with_attribute: EventType.action - Action: filter_with_attribute starts, Args: {'object_ids': [], 'attribute': 'shape', 'value': 'cube'}"", 'filter_with_attribute: EventType.action_output - Action: filter_with_attribute finishes, Observation: [3]', ""filter_with_attribute: EventType.action - Action: filter_with_attribute starts, Args: {'object_ids': [3], 'attribute': 'size', 'value': 'small'}"", 'filter_with_attribute: EventType.action_output - Action: filter_with_attribute finishes, Observation: [3]', ""answer_counting: EventType.action - Action: answer_counting starts, Args: {'answer': 1}"", 'answer_counting: EventType.action_output - Action: answer_counting finishes, Observation: 1']",1
4,"[""filter_with_attribute: EventType.action - Action: filter_with_attribute starts, Args: {'object_ids': [], 'attribute': 'shape', 'value': 'cylinder'}"", 'filter_with_attribute: EventType.action_output - Action: filter_with_attribute finishes, Observation: [1, 2, 3, 4]', ""answer_counting: EventType.action - Action: answer_counting starts, Args: {'answer': 4}"", 'answer_counting: EventType.action_output - Action: answer_counting finishes, Observation: 4']",4
3,"[""filter_with_attribute: EventType.action - Action: filter_with_attribute starts, Args: {'object_ids': [], 'attribute': 'shape', 'value': 'sphere'}"", 'filter_with_attribute: EventType.action_output - Action: filter_with_attribute finishes, Observation: [4, 5, 7]', ""answer_counting: EventType.action - Action: answer_counting starts, Args: {'answer': 3}"", 'answer_counting: EventType.action_output - Action: answer_counting finishes, Observation: 3']",3
5,"[""filter_with_attribute: EventType.action - Action: filter_with_attribute starts, Args: {'object_ids': [], 'attribute': 'material', 'value': 'metal'}"", 'filter_with_attribute: EventType.action_output - Action: filter_with_attribute finishes, Observation: [1, 2, 5, 6, 8]', ""answer_counting: EventType.action - Action: answer_counting starts, Args: {'answer': 5}"", 'answer_counting: EventType.action_output - Action: answer_counting finishes, Observation: 5']",5
1,"[""filter_with_attribute: EventType.action - Action: filter_with_attribute starts, Args: {'object_ids': [], 'attribute': 'color', 'value': 'green'}"", 'filter_with_attribute: EventType.action_output - Action: filter_with_attribute finishes, Observation: [0, 2]', ""get_same_objects: EventType.action - Action: get_same_objects starts, Args: {'object_id': 0, 'attribute': 'material'}"", 'get_same_objects: EventType.action_output - Action: get_same_objects finishes, Observation: [2]', ""answer_counting: EventType.action - Action: answer_counting starts, Args: {'answer': 1}"", 'answer_counting: EventType.action_output - Action: answer_counting finishes, Observation: 1']",2
5,"[""filter_with_attribute: EventType.action - Action: filter_with_attribute starts, Args: {'object_ids': [], 'attribute': 'material', 'value': 'metal'}"", 'filter_with_attribute: EventType.action_output - Action: filter_with_attribute finishes, Observation: [0, 1, 2, 4, 8]', ""filter_with_attribute: EventType.action - Action: filter_with_attribute starts, Args: {'object_ids': [], 'attribute': 'material', 'value': 'rubber'}"", 'filter_with_attribute: EventType.action_output - Action: filter_with_attribute finishes, Observation: [3, 5, 6, 7, 9]', ""answer_counting: EventType.action - Action: answer_counting starts, Args: {'answer': 5}"", 'answer_counting: EventType.action_output - Action: answer_counting finishes, Observation: 5']",yes
4,"[""get_same_objects: EventType.action - Action: get_same_objects starts, Args: {'object_id': 0, 'attribute': 'color'}"", 'get_same_objects: EventType.action_output - Action: get_same_objects finishes, Observation: [3]', ""answer_counting: EventType.action - Action: answer_counting starts, Args: {'answer': 4}"", 'answer_counting: EventType.action_output - Action: answer_counting finishes, Observation: 4']",yes
0,"[""get_same_objects: EventType.action - Action: get_same_objects starts, Args: {'object_id': 0, 'attribute': 'material'}"", 'get_same_objects: EventType.action_output - Action: get_same_objects finishes, Observation: []', ""answer_counting: EventType.action - Action: answer_counting starts, Args: {'answer': 0}"", 'answer_counting: EventType.action_output - Action: answer_counting finishes, Observation: 0']",no
0,"[""filter_with_attribute: EventType.action - Action: filter_with_attribute starts, Args: {'object_ids': [], 'attribute': 'color', 'value': 'yellow'}"", 'filter_with_attribute: EventType.action_output - Action: filter_with_attribute finishes, Observation: [0, 3, 7]', ""filter_with_attribute: EventType.action - Action: filter_with_attribute starts, Args: {'object_ids': [0, 3, 7], 'attribute': 'shape', 'value': 'cube'}"", 'filter_with_attribute: EventType.action_output - Action: filter_with_attribute finishes, Observation: [0]', ""get_same_objects: EventType.action - Action: get_same_objects starts, Args: {'object_id': 0, 'attribute': 'material'}"", 'get_same_objects: EventType.action_output - Action: get_same_objects finishes, Observation: [1, 3, 5]', ""filter_with_attribute: EventType.action - Action: filter_with_attribute starts, Args: {'object_ids': [1, 3, 5], 'attribute': 'material', 'value': 'metal'}"", 'filter_with_attribute: EventType.action_output - Action: filter_with_attribute finishes, Observation: []', ""answer_counting: EventType.action - Action: answer_counting starts, Args: {'answer': 0}"", 'answer_counting: EventType.action_output - Action: answer_counting finishes, Observation: 0']",no
0,"[""filter_with_attribute: EventType.action - Action: filter_with_attribute starts, Args: {'object_ids': [], 'attribute': 'shape', 'value': 'cylinder'}"", 'filter_with_attribute: EventType.action_output - Action: filter_with_attribute finishes, Observation: [1, 2]', ""get_same_objects: EventType.action - Action: get_same_objects starts, Args: {'object_id': 1, 'attribute': 'material'}"", 'get_same_objects: EventType.action_output - Action: get_same_objects finishes, Observation: []', ""get_same_objects: EventType.action - Action: get_same_objects starts, Args: {'object_id': 2, 'attribute': 'material'}"", 'get_same_objects: EventType.action_output - Action: get_same_objects finishes, Observation: [0]', ""answer_counting: EventType.action - Action: answer_counting starts, Args: {'answer': 0}"", 'answer_counting: EventType.action_output - Action: answer_counting finishes, Observation: 0']",no
0,"[""filter_with_attribute: EventType.action - Action: filter_with_attribute starts, Args: {'object_ids': [], 'attribute': 'material', 'value': 'metal'}"", 'filter_with_attribute: EventType.action_output - Action: filter_with_attribute finishes, Observation: [2, 3, 4, 8, 9]', ""filter_with_attribute: EventType.action - Action: filter_with_attribute starts, Args: {'object_ids': [2, 3, 4, 8, 9], 'attribute': 'color', 'value': 'yellow'}"", 'filter_with_attribute: EventType.action_output - Action: filter_with_attribute finishes, Observation: [2, 3]', ""filter_with_attribute: EventType.action - Action: filter_with_attribute starts, Args: {'object_ids': [2, 3, 4, 8, 9], 'attribute': 'color', 'value': 'gold'}"", 'filter_with_attribute: EventType.action_output - Action: filter_with_attribute finishes, Observation: []', ""answer_counting: EventType.action - Action: answer_counting starts, Args: {'answer': 0}"", 'answer_counting: EventType.action_output - Action: answer_counting finishes, Observation: 0']",no
0,"[""get_related_objects: EventType.action - Action: get_related_objects starts, Args: {'object_id': 0, 'relation': 'left'}"", 'get_related_objects: EventType.action_output - Action: get_related_objects finishes, Observation: []', ""answer_counting: EventType.action - Action: answer_counting starts, Args: {'answer': 0}"", 'answer_counting: EventType.action_output - Action: answer_counting finishes, Observation: 0']",no
2,"[""filter_with_attribute: EventType.action - Action: filter_with_attribute starts, Args: {'object_ids': [], 'attribute': 'size', 'value': 'large'}"", 'filter_with_attribute: EventType.action_output - Action: filter_with_attribute finishes, Observation: [0, 2, 3]', ""get_same_objects: EventType.action - Action: get_same_objects starts, Args: {'object_id': 0, 'attribute': 'material'}"", 'get_same_objects: EventType.action_output - Action: get_same_objects finishes, Observation: [1, 2, 5]', ""get_same_objects: EventType.action - Action: get_same_objects starts, Args: {'object_id': 2, 'attribute': 'material'}"", 'get_same_objects: EventType.action_output - Action: get_same_objects finishes, Observation: [0, 1, 5]', ""answer_counting: EventType.action - Action: answer_counting starts, Args: {'answer': 2}"", 'answer_counting: EventType.action_output - Action: answer_counting finishes, Observation: 2']",no
0,"[""filter_with_attribute: EventType.action - Action: filter_with_attribute starts, Args: {'object_ids': [], 'attribute': 'shape', 'value': 'cube'}"", 'filter_with_attribute: EventType.action_output - Action: filter_with_attribute finishes, Observation: [4, 6]', ""filter_with_attribute: EventType.action - Action: filter_with_attribute starts, Args: {'object_ids': [4, 6], 'attribute': 'color', 'value': 'red'}"", 'filter_with_attribute: EventType.action_output - Action: filter_with_attribute finishes, Observation: []', ""answer_counting: EventType.action - Action: answer_counting starts, Args: {'answer': 0}"", 'answer_counting: EventType.action_output - Action: answer_counting finishes, Observation: 0']",no
Unknown,"[""answer_querying: EventType.action - Action: answer_querying starts, Args: {'answer': 'Unknown'}"", 'answer_querying: EventType.action_output - Action: answer_querying finishes, Observation: Unknown']",yes
No,"[""answer_querying: EventType.action - Action: answer_querying starts, Args: {'answer': 'No'}"", 'answer_querying: EventType.action_output - Action: answer_querying finishes, Observation: No']",yes
0,"[""get_same_objects: EventType.action - Action: get_same_objects starts, Args: {'object_id': '0', 'attribute': 'size'}"", 'get_same_objects: EventType.action_output - Action: get_same_objects finishes, Observation: [1, 2, 4, 5]', ""get_same_objects: EventType.action - Action: get_same_objects starts, Args: {'object_id': '1', 'attribute': 'shape'}"", 'get_same_objects: EventType.action_output - Action: get_same_objects finishes, Observation: [2]', ""get_same_objects: EventType.action - Action: get_same_objects starts, Args: {'object_id': '2', 'attribute': 'shape'}"", 'get_same_objects: EventType.action_output - Action: get_same_objects finishes, Observation: [1]', ""filter_with_attribute: EventType.action - Action: filter_with_attribute starts, Args: {'object_ids': [1, 2, 4, 5], 'attribute': 'shape', 'value': 'sphere'}"", 'filter_with_attribute: EventType.action_output - Action: filter_with_attribute finishes, Observation: [4, 5]', ""get_same_objects: EventType.action - Action: get_same_objects starts, Args: {'object_id': '4', 'attribute': 'size'}"", 'get_same_objects: EventType.action_output - Action: get_same_objects finishes, Observation: [0, 1, 2, 5]', ""answer_counting: EventType.action - Action: answer_counting starts, Args: {'answer': 0}"", 'answer_counting: EventType.action_output - Action: answer_counting finishes, Observation: 0']",yes
2,"[""get_same_objects: EventType.action - Action: get_same_objects starts, Args: {'object_id': 0, 'attribute': 'color'}"", 'get_same_objects: EventType.action_output - Action: get_same_objects finishes, Observation: [1, 6]', ""get_same_objects: EventType.action - Action: get_same_objects starts, Args: {'object_id': 1, 'attribute': 'material'}"", 'get_same_objects: EventType.action_output - Action: get_same_objects finishes, Observation: [4, 6, 9]', ""answer_counting: EventType.action - Action: answer_counting starts, Args: {'answer': 2}"", 'answer_counting: EventType.action_output - Action: answer_counting finishes, Observation: 2']",yes
2,"[""filter_with_attribute: EventType.action - Action: filter_with_attribute starts, Args: {'object_ids': [], 'attribute': 'size', 'value': 'small'}"", 'filter_with_attribute: EventType.action_output - Action: filter_with_attribute finishes, Observation: [0, 1, 2, 3, 4, 5, 8, 9]', ""filter_with_attribute: EventType.action - Action: filter_with_attribute starts, Args: {'object_ids': [0, 1, 2, 3, 4, 5, 8, 9], 'attribute': 'shape', 'value': 'cylinder'}"", 'filter_with_attribute: EventType.action_output - Action: filter_with_attribute finishes, Observation: [1, 2, 3, 4]', ""get_same_objects: EventType.action - Action: get_same_objects starts, Args: {'object_id': 1, 'attribute': 'color'}"", 'get_same_objects: EventType.action_output - Action: get_same_objects finishes, Observation: [3]', ""answer_counting: EventType.action - Action: answer_counting starts, Args: {'answer': 2}"", 'answer_counting: EventType.action_output - Action: answer_counting finishes, Observation: 2']",yes
0,"[""get_same_objects: EventType.action - Action: get_same_objects starts, Args: {'object_id': 1, 'attribute': 'size'}"", 'get_same_objects: EventType.action_output - Action: get_same_objects finishes, Observation: [0]', ""get_same_objects: EventType.action - Action: get_same_objects starts, Args: {'object_id': 0, 'attribute': 'size'}"", 'get_same_objects: EventType.action_output - Action: get_same_objects finishes, Observation: [1]', ""answer_counting: EventType.action - Action: answer_counting starts, Args: {'answer': 0}"", 'answer_counting: EventType.action_output - Action: answer_counting finishes, Observation: 0']",no
2,"[""filter_with_attribute: EventType.action - Action: filter_with_attribute starts, Args: {'object_ids': [], 'attribute': 'Material', 'value': 'metal'}"", ""critic: EventType.action_output - Error in executing action: filter_with_attribute. Error: 'Material'"", ""filter_with_attribute: EventType.action - Action: filter_with_attribute starts, Args: {'object_ids': [], 'attribute': 'material', 'value': 'metal'}"", 'filter_with_attribute: EventType.action_output - Action: filter_with_attribute finishes, Observation: [1, 2]', ""filter_with_attribute: EventType.action - Action: filter_with_attribute starts, Args: {'object_ids': [], 'attribute': 'material', 'value': 'rubber'}"", 'filter_with_attribute: EventType.action_output - Action: filter_with_attribute finishes, Observation: [0, 3, 4, 5]', ""answer_counting: EventType.action - Action: answer_counting starts, Args: {'answer': 2}"", 'answer_counting: EventType.action_output - Action: answer_counting finishes, Observation: 2']",no
3,"[""filter_with_attribute: EventType.action - Action: filter_with_attribute starts, Args: {'object_ids': [], 'attribute': 'shape', 'value': 'cube'}"", 'filter_with_attribute: EventType.action_output - Action: filter_with_attribute finishes, Observation: [1, 3]', ""get_same_objects: EventType.action - Action: get_same_objects starts, Args: {'object_id': 1, 'attribute': 'material'}"", 'get_same_objects: EventType.action_output - Action: get_same_objects finishes, Observation: [2, 3, 4]', ""filter_with_attribute: EventType.action - Action: filter_with_attribute starts, Args: {'object_ids': [2, 3, 4], 'attribute': 'material', 'value': 'rubber'}"", 'filter_with_attribute: EventType.action_output - Action: filter_with_attribute finishes, Observation: [2, 3, 4]', ""answer_counting: EventType.action - Action: answer_counting starts, Args: {'answer': 3}"", 'answer_counting: EventType.action_output - Action: answer_counting finishes, Observation: 3']",yes
2,"[""filter_with_attribute: EventType.action - Action: filter_with_attribute starts, Args: {'object_ids': [], 'attribute': 'material', 'value': 'metal'}"", 'filter_with_attribute: EventType.action_output - Action: filter_with_attribute finishes, Observation: [2, 4, 6, 7]', ""filter_with_attribute: EventType.action - Action: filter_with_attribute starts, Args: {'object_ids': [2, 4, 6, 7], 'attribute': 'color', 'value': 'yellow'}"", 'filter_with_attribute: EventType.action_output - Action: filter_with_attribute finishes, Observation: [2, 4]', ""filter_with_attribute: EventType.action - Action: filter_with_attribute starts, Args: {'object_ids': [], 'attribute': 'material', 'value': 'rubber'}"", 'filter_with_attribute: EventType.action_output - Action: filter_with_attribute finishes, Observation: [0, 1, 3, 5]', ""answer_counting: EventType.action - Action: answer_counting starts, Args: {'answer': 2}"", 'answer_counting: EventType.action_output - Action: answer_counting finishes, Observation: 2']",no
4,"[""get_same_objects: EventType.action - Action: get_same_objects starts, Args: {'object_id': 0, 'attribute': 'size'}"", 'get_same_objects: EventType.action_output - Action: get_same_objects finishes, Observation: [2, 3, 4, 5]', ""answer_counting: EventType.action - Action: answer_counting starts, Args: {'answer': 4}"", 'answer_counting: EventType.action_output - Action: answer_counting finishes, Observation: 4']",no
1,"[""filter_with_attribute: EventType.action - Action: filter_with_attribute starts, Args: {'object_ids': [], 'attribute': 'shape', 'value': 'cube'}"", 'filter_with_attribute: EventType.action_output - Action: filter_with_attribute finishes, Observation: [0]', ""answer_counting: EventType.action - Action: answer_counting starts, Args: {'answer': 1}"", 'answer_counting: EventType.action_output - Action: answer_counting finishes, Observation: 1']",no
Insufficient information to determine the shininess of both spheres.,"[""answer_querying: EventType.action - Action: answer_querying starts, Args: {'answer': 'Insufficient information to determine the shininess of both spheres.'}"", 'answer_querying: EventType.action_output - Action: answer_querying finishes, Observation: Insufficient information to determine the shininess of both spheres.']",no
1,"[""filter_with_attribute: EventType.action - Action: filter_with_attribute starts, Args: {'object_ids': [], 'attribute': 'color', 'value': 'blue'}"", 'filter_with_attribute: EventType.action_output - Action: filter_with_attribute finishes, Observation: [2]', ""get_same_objects: EventType.action - Action: get_same_objects starts, Args: {'object_id': 2, 'attribute': 'shape'}"", 'get_same_objects: EventType.action_output - Action: get_same_objects finishes, Observation: [5, 7]', ""get_same_objects: EventType.action - Action: get_same_objects starts, Args: {'object_id': 2, 'attribute': 'size'}"", 'get_same_objects: EventType.action_output - Action: get_same_objects finishes, Observation: [4, 8]', ""answer_counting: EventType.action - Action: answer_counting starts, Args: {'answer': 1}"", 'answer_counting: EventType.action_output - Action: answer_counting finishes, Observation: 1']",no
0,"[""filter_with_attribute: EventType.action - Action: filter_with_attribute starts, Args: {'object_ids': [], 'attribute': 'size', 'value': 'small'}"", 'filter_with_attribute: EventType.action_output - Action: filter_with_attribute finishes, Observation: [1, 2]', ""filter_with_attribute: EventType.action - Action: filter_with_attribute starts, Args: {'object_ids': [1, 2], 'attribute': 'color', 'value': 'red'}"", 'filter_with_attribute: EventType.action_output - Action: filter_with_attribute finishes, Observation: []', ""answer_counting: EventType.action - Action: answer_counting starts, Args: {'answer': 0}"", 'answer_counting: EventType.action_output - Action: answer_counting finishes, Observation: 0']",no
2,"[""filter_with_attribute: EventType.action - Action: filter_with_attribute starts, Args: {'object_ids': [], 'attribute': 'shape', 'value': 'sphere'}"", 'filter_with_attribute: EventType.action_output - Action: filter_with_attribute finishes, Observation: [1, 3]', ""filter_with_attribute: EventType.action - Action: filter_with_attribute starts, Args: {'object_ids': [], 'attribute': 'shape', 'value': 'cube'}"", 'filter_with_attribute: EventType.action_output - Action: filter_with_attribute finishes, Observation: [0, 2]', ""answer_counting: EventType.action - Action: answer_counting starts, Args: {'answer': 2}"", 'answer_counting: EventType.action_output - Action: answer_counting finishes, Observation: 2']",no
2,"[""filter_with_attribute: EventType.action - Action: filter_with_attribute starts, Args: {'object_ids': [], 'attribute': 'material', 'value': 'metal'}"", 'filter_with_attribute: EventType.action_output - Action: filter_with_attribute finishes, Observation: [4, 6, 7]', ""filter_with_attribute: EventType.action - Action: filter_with_attribute starts, Args: {'object_ids': [4, 6, 7], 'attribute': 'size', 'value': 'small'}"", 'filter_with_attribute: EventType.action_output - Action: filter_with_attribute finishes, Observation: [4, 6]', ""filter_with_attribute: EventType.action - Action: filter_with_attribute starts, Args: {'object_ids': [4, 6, 7], 'attribute': 'size', 'value': 'large'}"", 'filter_with_attribute: EventType.action_output - Action: filter_with_attribute finishes, Observation: [7]', ""answer_counting: EventType.action - Action: answer_counting starts, Args: {'answer': 2}"", 'answer_counting: EventType.action_output - Action: answer_counting finishes, Observation: 2']",yes
2,"[""filter_with_attribute: EventType.action - Action: filter_with_attribute starts, Args: {'object_ids': [], 'attribute': 'color', 'value': 'green'}"", 'filter_with_attribute: EventType.action_output - Action: filter_with_attribute finishes, Observation: [1, 3]', ""get_same_objects: EventType.action - Action: get_same_objects starts, Args: {'object_id': 1, 'attribute': 'material'}"", 'get_same_objects: EventType.action_output - Action: get_same_objects finishes, Observation: [3, 4]', ""answer_counting: EventType.action - Action: answer_counting starts, Args: {'answer': 2}"", 'answer_counting: EventType.action_output - Action: answer_counting finishes, Observation: 2']",yes
0,"[""answer_counting: EventType.action - Action: answer_counting starts, Args: {'answer': 0}"", 'answer_counting: EventType.action_output - Action: answer_counting finishes, Observation: 0']",no
2,"[""filter_with_attribute: EventType.action - Action: filter_with_attribute starts, Args: {'object_ids': [], 'attribute': 'shape', 'value': 'sphere'}"", 'filter_with_attribute: EventType.action_output - Action: filter_with_attribute finishes, Observation: [1, 2]', ""get_same_objects: EventType.action - Action: get_same_objects starts, Args: {'object_id': 1, 'attribute': 'color'}"", 'get_same_objects: EventType.action_output - Action: get_same_objects finishes, Observation: [2]', ""filter_with_attribute: EventType.action - Action: filter_with_attribute starts, Args: {'object_ids': [1, 2], 'attribute': 'color', 'value': 'purple'}"", 'filter_with_attribute: EventType.action_output - Action: filter_with_attribute finishes, Observation: [1, 2]', ""answer_counting: EventType.action - Action: answer_counting starts, Args: {'answer': 2}"", 'answer_counting: EventType.action_output - Action: answer_counting finishes, Observation: 2']",yes
0,"[""get_same_objects: EventType.action - Action: get_same_objects starts, Args: {'object_id': 0, 'attribute': 'color'}"", 'get_same_objects: EventType.action_output - Action: get_same_objects finishes, Observation: []', ""get_same_objects: EventType.action - Action: get_same_objects starts, Args: {'object_id': 1, 'attribute': 'color'}"", 'get_same_objects: EventType.action_output - Action: get_same_objects finishes, Observation: []', ""filter_with_attribute: EventType.action - Action: filter_with_attribute starts, Args: {'object_ids': [], 'attribute': 'shape', 'value': 'sphere'}"", 'filter_with_attribute: EventType.action_output - Action: filter_with_attribute finishes, Observation: [1, 4, 5]', ""get_same_objects: EventType.action - Action: get_same_objects starts, Args: {'object_id': 1, 'attribute': 'color'}"", 'get_same_objects: EventType.action_output - Action: get_same_objects finishes, Observation: []', ""get_same_objects: EventType.action - Action: get_same_objects starts, Args: {'object_id': 4, 'attribute': 'color'}"", 'get_same_objects: EventType.action_output - Action: get_same_objects finishes, Observation: []', ""get_same_objects: EventType.action - Action: get_same_objects starts, Args: {'object_id': 5, 'attribute': 'color'}"", 'get_same_objects: EventType.action_output - Action: get_same_objects finishes, Observation: [2]', ""get_same_objects: EventType.action - Action: get_same_objects starts, Args: {'object_id': 2, 'attribute': 'color'}"", 'get_same_objects: EventType.action_output - Action: get_same_objects finishes, Observation: [5]', ""answer_counting: EventType.action - Action: answer_counting starts, Args: {'answer': 0}"", 'answer_counting: EventType.action_output - Action: answer_counting finishes, Observation: 0']",no
2,"[""get_same_objects: EventType.action - Action: get_same_objects starts, Args: {'object_id': 0, 'attribute': 'color'}"", 'get_same_objects: EventType.action_output - Action: get_same_objects finishes, Observation: [1]', ""answer_counting: EventType.action - Action: answer_counting starts, Args: {'answer': 2}"", 'answer_counting: EventType.action_output - Action: answer_counting finishes, Observation: 2']",no
0,"[""get_same_objects: EventType.action - Action: get_same_objects starts, Args: {'object_id': 0, 'attribute': 'color'}"", 'get_same_objects: EventType.action_output - Action: get_same_objects finishes, Observation: [1]', ""get_same_objects: EventType.action - Action: get_same_objects starts, Args: {'object_id': 1, 'attribute': 'shape'}"", 'get_same_objects: EventType.action_output - Action: get_same_objects finishes, Observation: [2]', ""filter_with_attribute: EventType.action - Action: filter_with_attribute starts, Args: {'object_ids': [1], 'attribute': 'color', 'value': 'purple'}"", 'filter_with_attribute: EventType.action_output - Action: filter_with_attribute finishes, Observation: []', ""filter_with_attribute: EventType.action - Action: filter_with_attribute starts, Args: {'object_ids': [2], 'attribute': 'color', 'value': 'cyan'}"", 'filter_with_attribute: EventType.action_output - Action: filter_with_attribute finishes, Observation: []', ""filter_with_attribute: EventType.action - Action: filter_with_attribute starts, Args: {'object_ids': [2], 'attribute': 'color', 'value': 'purple'}"", 'filter_with_attribute: EventType.action_output - Action: filter_with_attribute finishes, Observation: [2]', ""filter_with_attribute: EventType.action - Action: filter_with_attribute starts, Args: {'object_ids': [2], 'attribute': 'shape', 'value': 'cylinder'}"", 'filter_with_attribute: EventType.action_output - Action: filter_with_attribute finishes, Observation: []', ""answer_counting: EventType.action - Action: answer_counting starts, Args: {'answer': 0}"", 'answer_counting: EventType.action_output - Action: answer_counting finishes, Observation: 0']",yes
3,"[""get_same_objects: EventType.action - Action: get_same_objects starts, Args: {'object_id': 2, 'attribute': 'color'}"", 'get_same_objects: EventType.action_output - Action: get_same_objects finishes, Observation: [1, 3, 4]', ""answer_counting: EventType.action - Action: answer_counting starts, Args: {'answer': 3}"", 'answer_counting: EventType.action_output - Action: answer_counting finishes, Observation: 3']",yes
"No, there are no shiny objects.","[""answer_querying: EventType.action - Action: answer_querying starts, Args: {'answer': 'No, there are no shiny objects.'}"", 'answer_querying: EventType.action_output - Action: answer_querying finishes, Observation: No, there are no shiny objects.']",yes
2,"[""filter_with_attribute: EventType.action - Action: filter_with_attribute starts, Args: {'object_ids': [], 'attribute': 'shape', 'value': 'sphere'}"", 'filter_with_attribute: EventType.action_output - Action: filter_with_attribute finishes, Observation: [0, 2, 3]', ""filter_with_attribute: EventType.action - Action: filter_with_attribute starts, Args: {'object_ids': [0, 2, 3], 'attribute': 'shape', 'value': 'cube'}"", 'filter_with_attribute: EventType.action_output - Action: filter_with_attribute finishes, Observation: []', ""get_same_objects: EventType.action - Action: get_same_objects starts, Args: {'object_id': 2, 'attribute': 'shape'}"", 'get_same_objects: EventType.action_output - Action: get_same_objects finishes, Observation: [0, 3]', ""get_same_objects: EventType.action - Action: get_same_objects starts, Args: {'object_id': 0, 'attribute': 'shape'}"", 'get_same_objects: EventType.action_output - Action: get_same_objects finishes, Observation: [2, 3]', ""filter_with_attribute: EventType.action - Action: filter_with_attribute starts, Args: {'object_ids': [0, 3], 'attribute': 'shape', 'value': 'cube'}"", 'filter_with_attribute: EventType.action_output - Action: filter_with_attribute finishes, Observation: []', ""filter_with_attribute: EventType.action - Action: filter_with_attribute starts, Args: {'object_ids': [0, 3], 'attribute': 'shape', 'value': 'cylinder'}"", 'filter_with_attribute: EventType.action_output - Action: filter_with_attribute finishes, Observation: []', ""answer_counting: EventType.action - Action: answer_counting starts, Args: {'answer': 2}"", 'answer_counting: EventType.action_output - Action: answer_counting finishes, Observation: 2']",cylinder
color of the shiny ball,"[""answer_querying: EventType.action - Action: answer_querying starts, Args: {'answer': 'color of the shiny ball'}"", 'answer_querying: EventType.action_output - Action: answer_querying finishes, Observation: color of the shiny ball']",green
0,"[""get_same_objects: EventType.action - Action: get_same_objects starts, Args: {'object_id': 0, 'attribute': 'color'}"", 'get_same_objects: EventType.action_output - Action: get_same_objects finishes, Observation: []', ""get_same_objects: EventType.action - Action: get_same_objects starts, Args: {'object_id': 0, 'attribute': 'color'}"", 'get_same_objects: EventType.action_output - Action: get_same_objects finishes, Observation: []', ""filter_with_attribute: EventType.action - Action: filter_with_attribute starts, Args: {'object_ids': [], 'attribute': 'color', 'value': 'gray'}"", 'filter_with_attribute: EventType.action_output - Action: filter_with_attribute finishes, Observation: []', ""get_same_objects: EventType.action - Action: get_same_objects starts, Args: {'object_id': 0, 'attribute': 'color'}"", 'get_same_objects: EventType.action_output - Action: get_same_objects finishes, Observation: []', ""get_same_objects: EventType.action - Action: get_same_objects starts, Args: {'object_id': 0, 'attribute': 'color'}"", 'get_same_objects: EventType.action_output - Action: get_same_objects finishes, Observation: []', ""get_same_objects: EventType.action - Action: get_same_objects starts, Args: {'object_id': 0, 'attribute': 'color'}"", 'get_same_objects: EventType.action_output - Action: get_same_objects finishes, Observation: []', ""answer_counting: EventType.action - Action: answer_counting starts, Args: {'answer': 0}"", 'answer_counting: EventType.action_output - Action: answer_counting finishes, Observation: 0']",cube
No answer found.,"[""get_related_objects: EventType.action - Action: get_related_objects starts, Args: {'object_id': 0, 'relation': 'left'}"", 'get_related_objects: EventType.action_output - Action: get_related_objects finishes, Observation: [1, 3]', ""get_related_objects: EventType.action - Action: get_related_objects starts, Args: {'object_id': 1, 'relation': 'left'}"", 'get_related_objects: EventType.action_output - Action: get_related_objects finishes, Observation: [3]', ""get_related_objects: EventType.action - Action: get_related_objects starts, Args: {'object_id': 3, 'relation': 'left'}"", 'get_related_objects: EventType.action_output - Action: get_related_objects finishes, Observation: []', ""get_related_objects: EventType.action - Action: get_related_objects starts, Args: {'object_id': 3, 'relation': 'left'}"", 'get_related_objects: EventType.action_output - Action: get_related_objects finishes, Observation: []', ""get_related_objects: EventType.action - Action: get_related_objects starts, Args: {'object_id': 1, 'relation': 'right'}"", 'get_related_objects: EventType.action_output - Action: get_related_objects finishes, Observation: [0, 2]', ""get_same_objects: EventType.action - Action: get_same_objects starts, Args: {'object_id': 0, 'attribute': 'material'}"", 'get_same_objects: EventType.action_output - Action: get_same_objects finishes, Observation: [3]', ""get_same_objects: EventType.action - Action: get_same_objects starts, Args: {'object_id': 3, 'attribute': 'material'}"", 'get_same_objects: EventType.action_output - Action: get_same_objects finishes, Observation: [0]', ""get_same_objects: EventType.action - Action: get_same_objects starts, Args: {'object_id': 1, 'attribute': 'material'}"", 'get_same_objects: EventType.action_output - Action: get_same_objects finishes, Observation: [2]', ""get_same_objects: EventType.action - Action: get_same_objects starts, Args: {'object_id': 3, 'attribute': 'material'}"", 'get_same_objects: EventType.action_output - Action: get_same_objects finishes, Observation: [0]']",rubber
0,"[""get_same_objects: EventType.action - Action: get_same_objects starts, Args: {'object_id': 0, 'attribute': 'color'}"", 'get_same_objects: EventType.action_output - Action: get_same_objects finishes, Observation: []', ""answer_counting: EventType.action - Action: answer_counting starts, Args: {'answer': 0}"", 'answer_counting: EventType.action_output - Action: answer_counting finishes, Observation: 0']",green
unknown,"[""answer_querying: EventType.action - Action: answer_querying starts, Args: {'answer': 'unknown'}"", 'answer_querying: EventType.action_output - Action: answer_querying finishes, Observation: unknown']",sphere
No answer found.,"[""filter_with_attribute: EventType.action - Action: filter_with_attribute starts, Args: {'object_ids': [], 'attribute': 'size', 'value': 'small'}"", 'filter_with_attribute: EventType.action_output - Action: filter_with_attribute finishes, Observation: [4]', ""get_same_objects: EventType.action - Action: get_same_objects starts, Args: {'object_id': 4, 'attribute': 'shape'}"", 'get_same_objects: EventType.action_output - Action: get_same_objects finishes, Observation: [0]', ""get_same_objects: EventType.action - Action: get_same_objects starts, Args: {'object_id': 0, 'attribute': 'shape'}"", 'get_same_objects: EventType.action_output - Action: get_same_objects finishes, Observation: [4]', ""get_same_objects: EventType.action - Action: get_same_objects starts, Args: {'object_id': 4, 'attribute': 'shape'}"", 'get_same_objects: EventType.action_output - Action: get_same_objects finishes, Observation: [0]', ""get_same_objects: EventType.action - Action: get_same_objects starts, Args: {'object_id': 4, 'attribute': 'shape'}"", 'get_same_objects: EventType.action_output - Action: get_same_objects finishes, Observation: [0]', ""get_same_objects: EventType.action - Action: get_same_objects starts, Args: {'object_id': 4, 'attribute': 'shape'}"", 'get_same_objects: EventType.action_output - Action: get_same_objects finishes, Observation: [0]', ""get_same_objects: EventType.action - Action: get_same_objects starts, Args: {'object_id': 4, 'attribute': 'shape'}"", 'get_same_objects: EventType.action_output - Action: get_same_objects finishes, Observation: [0]', ""get_same_objects: EventType.action - Action: get_same_objects starts, Args: {'object_id': 4, 'attribute': 'shape'}"", 'get_same_objects: EventType.action_output - Action: get_same_objects finishes, Observation: [0]', ""filter_with_attribute: EventType.action - Action: filter_with_attribute starts, Args: {'object_ids': [4], 'attribute': 'shape', 'value': 'cube'}"", 'filter_with_attribute: EventType.action_output - Action: filter_with_attribute finishes, Observation: []']",sphere
No answer found.,"[""filter_with_attribute: EventType.action - Action: filter_with_attribute starts, Args: {'object_ids': [], 'attribute': 'color', 'value': 'gray'}"", 'filter_with_attribute: EventType.action_output - Action: filter_with_attribute finishes, Observation: [4]', ""get_related_objects: EventType.action - Action: get_related_objects starts, Args: {'object_id': 4, 'relation': 'left'}"", 'get_related_objects: EventType.action_output - Action: get_related_objects finishes, Observation: [0, 1, 3, 5, 6, 7, 8, 9]', ""get_same_objects: EventType.action - Action: get_same_objects starts, Args: {'object_id': 0, 'attribute': 'color'}"", 'get_same_objects: EventType.action_output - Action: get_same_objects finishes, Observation: []', ""get_same_objects: EventType.action - Action: get_same_objects starts, Args: {'object_id': 1, 'attribute': 'color'}"", 'get_same_objects: EventType.action_output - Action: get_same_objects finishes, Observation: []', ""get_same_objects: EventType.action - Action: get_same_objects starts, Args: {'object_id': 3, 'attribute': 'color'}"", 'get_same_objects: EventType.action_output - Action: get_same_objects finishes, Observation: [6]', ""get_same_objects: EventType.action - Action: get_same_objects starts, Args: {'object_id': 6, 'attribute': 'color'}"", 'get_same_objects: EventType.action_output - Action: get_same_objects finishes, Observation: [3]', ""get_same_objects: EventType.action - Action: get_same_objects starts, Args: {'object_id': 3, 'attribute': 'color'}"", 'get_same_objects: EventType.action_output - Action: get_same_objects finishes, Observation: [6]', ""get_same_objects: EventType.action - Action: get_same_objects starts, Args: {'object_id': 5, 'attribute': 'color'}"", 'get_same_objects: EventType.action_output - Action: get_same_objects finishes, Observation: []', ""get_related_objects: EventType.action - Action: get_related_objects starts, Args: {'object_id': 6, 'relation': 'left'}"", 'get_related_objects: EventType.action_output - Action: get_related_objects finishes, Observation: [0, 1, 3, 5, 8, 9]']",yellow
No answer found.,"[""get_same_objects: EventType.action - Action: get_same_objects starts, Args: {'object_id': 0, 'attribute': 'color'}"", 'get_same_objects: EventType.action_output - Action: get_same_objects finishes, Observation: [1, 2, 7]', ""filter_with_attribute: EventType.action - Action: filter_with_attribute starts, Args: {'object_ids': [1, 2, 7], 'attribute': 'color', 'value': 'gray'}"", 'filter_with_attribute: EventType.action_output - Action: filter_with_attribute finishes, Observation: []', ""get_same_objects: EventType.action - Action: get_same_objects starts, Args: {'object_id': 1, 'attribute': 'color'}"", 'get_same_objects: EventType.action_output - Action: get_same_objects finishes, Observation: [0, 2, 7]', ""filter_with_attribute: EventType.action - Action: filter_with_attribute starts, Args: {'object_ids': [0, 2, 7], 'attribute': 'color', 'value': 'red'}"", 'filter_with_attribute: EventType.action_output - Action: filter_with_attribute finishes, Observation: []', ""get_same_objects: EventType.action - Action: get_same_objects starts, Args: {'object_id': 2, 'attribute': 'color'}"", 'get_same_objects: EventType.action_output - Action: get_same_objects finishes, Observation: [0, 1, 7]', ""filter_with_attribute: EventType.action - Action: filter_with_attribute starts, Args: {'object_ids': [0, 1, 2, 7], 'attribute': 'color', 'value': 'blue'}"", 'filter_with_attribute: EventType.action_output - Action: filter_with_attribute finishes, Observation: [0, 1, 2, 7]', ""filter_with_attribute: EventType.action - Action: filter_with_attribute starts, Args: {'object_ids': [0, 1, 2, 7], 'attribute': 'color', 'value': 'green'}"", 'filter_with_attribute: EventType.action_output - Action: filter_with_attribute finishes, Observation: []', ""filter_with_attribute: EventType.action - Action: filter_with_attribute starts, Args: {'object_ids': [0, 1, 2, 7], 'attribute': 'color', 'value': 'purple'}"", 'filter_with_attribute: EventType.action_output - Action: filter_with_attribute finishes, Observation: []', ""filter_with_attribute: EventType.action - Action: filter_with_attribute starts, Args: {'object_ids': [0, 1, 2, 7], 'attribute': 'color', 'value': 'cyan'}"", 'filter_with_attribute: EventType.action_output - Action: filter_with_attribute finishes, Observation: []']",green
1,"[""get_same_objects: EventType.action - Action: get_same_objects starts, Args: {'object_id': 0, 'attribute': 'shape'}"", 'get_same_objects: EventType.action_output - Action: get_same_objects finishes, Observation: []', ""get_same_objects: EventType.action - Action: get_same_objects starts, Args: {'object_id': 1, 'attribute': 'shape'}"", 'get_same_objects: EventType.action_output - Action: get_same_objects finishes, Observation: [4]', ""get_same_objects: EventType.action - Action: get_same_objects starts, Args: {'object_id': 4, 'attribute': 'shape'}"", 'get_same_objects: EventType.action_output - Action: get_same_objects finishes, Observation: [1]', ""get_same_objects: EventType.action - Action: get_same_objects starts, Args: {'object_id': 2, 'attribute': 'shape'}"", 'get_same_objects: EventType.action_output - Action: get_same_objects finishes, Observation: [3, 5, 6]', ""answer_counting: EventType.action - Action: answer_counting starts, Args: {'answer': 1}"", 'answer_counting: EventType.action_output - Action: answer_counting finishes, Observation: 1']",cube
0,"[""get_same_objects: EventType.action - Action: get_same_objects starts, Args: {'object_id': 0, 'attribute': 'material'}"", 'get_same_objects: EventType.action_output - Action: get_same_objects finishes, Observation: [1, 2, 4]', ""get_same_objects: EventType.action - Action: get_same_objects starts, Args: {'object_id': 1, 'attribute': 'color'}"", 'get_same_objects: EventType.action_output - Action: get_same_objects finishes, Observation: []', ""get_same_objects: EventType.action - Action: get_same_objects starts, Args: {'object_id': 2, 'attribute': 'material'}"", 'get_same_objects: EventType.action_output - Action: get_same_objects finishes, Observation: [0, 1, 4]', ""filter_with_attribute: EventType.action - Action: filter_with_attribute starts, Args: {'object_ids': [0, 1, 2, 4], 'attribute': 'material', 'value': 'metal (shinning)'}"", 'filter_with_attribute: EventType.action_output - Action: filter_with_attribute finishes, Observation: []', ""filter_with_attribute: EventType.action - Action: filter_with_attribute starts, Args: {'object_ids': [0, 1, 2, 4], 'attribute': 'material', 'value': 'rubber (matte)'}"", 'filter_with_attribute: EventType.action_output - Action: filter_with_attribute finishes, Observation: []', ""answer_counting: EventType.action - Action: answer_counting starts, Args: {'answer': 0}"", 'answer_counting: EventType.action_output - Action: answer_counting finishes, Observation: 0']",yellow
There is no big square in the scene.,"[""answer_querying: EventType.action - Action: answer_querying starts, Args: {'answer': 'There is no big square in the scene.'}"", 'answer_querying: EventType.action_output - Action: answer_querying finishes, Observation: There is no big square in the scene.']",red
3,"[""get_same_objects: EventType.action - Action: get_same_objects starts, Args: {'object_id': 0, 'attribute': 'color'}"", 'get_same_objects: EventType.action_output - Action: get_same_objects finishes, Observation: [2, 4]', ""answer_counting: EventType.action - Action: answer_counting starts, Args: {'answer': 3}"", 'answer_counting: EventType.action_output - Action: answer_counting finishes, Observation: 3']",yellow
rubber (matte),"[""answer_querying: EventType.action - Action: answer_querying starts, Args: {'answer': 'rubber (matte)'}"", 'answer_querying: EventType.action_output - Action: answer_querying finishes, Observation: rubber (matte)']",rubber
2,"[""filter_with_attribute: EventType.action - Action: filter_with_attribute starts, Args: {'object_ids': [], 'attribute': 'material', 'value': 'metal'}"", 'filter_with_attribute: EventType.action_output - Action: filter_with_attribute finishes, Observation: [0, 3]', ""get_same_objects: EventType.action - Action: get_same_objects starts, Args: {'object_id': 0, 'attribute': 'shape'}"", 'get_same_objects: EventType.action_output - Action: get_same_objects finishes, Observation: [3]', ""get_same_objects: EventType.action - Action: get_same_objects starts, Args: {'object_id': 3, 'attribute': 'shape'}"", 'get_same_objects: EventType.action_output - Action: get_same_objects finishes, Observation: [0]', ""answer_counting: EventType.action - Action: answer_counting starts, Args: {'answer': 2}"", 'answer_counting: EventType.action_output - Action: answer_counting finishes, Observation: 2']",sphere
4,"[""filter_with_attribute: EventType.action - Action: filter_with_attribute starts, Args: {'object_ids': [], 'attribute': 'color', 'value': 'red'}"", 'filter_with_attribute: EventType.action_output - Action: filter_with_attribute finishes, Observation: [0, 4, 5, 6]', ""filter_with_attribute: EventType.action - Action: filter_with_attribute starts, Args: {'object_ids': [], 'attribute': 'color', 'value': 'yellow'}"", 'filter_with_attribute: EventType.action_output - Action: filter_with_attribute finishes, Observation: [1, 3]', ""answer_counting: EventType.action - Action: answer_counting starts, Args: {'answer': 4}"", 'answer_counting: EventType.action_output - Action: answer_counting finishes, Observation: 4']",red
shape not available,"[""answer_querying: EventType.action - Action: answer_querying starts, Args: {'answer': 'shape not available'}"", 'answer_querying: EventType.action_output - Action: answer_querying finishes, Observation: shape not available']",cylinder
2,"[""filter_with_attribute: EventType.action - Action: filter_with_attribute starts, Args: {'object_ids': [], 'attribute': 'size', 'value': 'large'}"", 'filter_with_attribute: EventType.action_output - Action: filter_with_attribute finishes, Observation: [1, 2, 3, 4, 5, 6]', ""get_same_objects: EventType.action - Action: get_same_objects starts, Args: {'object_id': 1, 'attribute': 'shape'}"", 'get_same_objects: EventType.action_output - Action: get_same_objects finishes, Observation: [3, 4]', ""get_same_objects: EventType.action - Action: get_same_objects starts, Args: {'object_id': 2, 'attribute': 'shape'}"", 'get_same_objects: EventType.action_output - Action: get_same_objects finishes, Observation: [0, 5]', ""get_same_objects: EventType.action - Action: get_same_objects starts, Args: {'object_id': 3, 'attribute': 'shape'}"", 'get_same_objects: EventType.action_output - Action: get_same_objects finishes, Observation: [1, 4]', ""get_same_objects: EventType.action - Action: get_same_objects starts, Args: {'object_id': 4, 'attribute': 'shape'}"", 'get_same_objects: EventType.action_output - Action: get_same_objects finishes, Observation: [1, 3]', ""answer_counting: EventType.action - Action: answer_counting starts, Args: {'answer': 2}"", 'answer_counting: EventType.action_output - Action: answer_counting finishes, Observation: 2']",cylinder
Object furthest right is a small blue sphere made of rubber.,"[""answer_querying: EventType.action - Action: answer_querying starts, Args: {'answer': 'Object furthest right is a small blue sphere made of rubber.'}"", 'answer_querying: EventType.action_output - Action: answer_querying finishes, Observation: Object furthest right is a small blue sphere made of rubber.']",cylinder
There is no gold metallic object in the scene.,"[""answer_querying: EventType.action - Action: answer_querying starts, Args: {'answer': 'There is no gold metallic object in the scene.'}"", 'answer_querying: EventType.action_output - Action: answer_querying finishes, Observation: There is no gold metallic object in the scene.']",cube
2,"[""filter_with_attribute: EventType.action - Action: filter_with_attribute starts, Args: {'object_ids': [], 'attribute': 'color', 'value': 'green'}"", 'filter_with_attribute: EventType.action_output - Action: filter_with_attribute finishes, Observation: [1]', ""get_same_objects: EventType.action - Action: get_same_objects starts, Args: {'object_id': 1, 'attribute': 'shape'}"", 'get_same_objects: EventType.action_output - Action: get_same_objects finishes, Observation: [4]', ""get_same_objects: EventType.action - Action: get_same_objects starts, Args: {'object_id': 4, 'attribute': 'shape'}"", 'get_same_objects: EventType.action_output - Action: get_same_objects finishes, Observation: [1]', ""answer_counting: EventType.action - Action: answer_counting starts, Args: {'answer': 2}"", 'answer_counting: EventType.action_output - Action: answer_counting finishes, Observation: 2']",sphere
color of the cylinder,"[""answer_querying: EventType.action - Action: answer_querying starts, Args: {'answer': 'color of the cylinder'}"", 'answer_querying: EventType.action_output - Action: answer_querying finishes, Observation: color of the cylinder']",blue
1,"[""get_same_objects: EventType.action - Action: get_same_objects starts, Args: {'object_id': 0, 'attribute': 'shape'}"", 'get_same_objects: EventType.action_output - Action: get_same_objects finishes, Observation: [1, 3]', ""get_same_objects: EventType.action - Action: get_same_objects starts, Args: {'object_id': 1, 'attribute': 'shape'}"", 'get_same_objects: EventType.action_output - Action: get_same_objects finishes, Observation: [0, 3]', ""filter_with_attribute: EventType.action - Action: filter_with_attribute starts, Args: {'object_ids': [0, 1, 3], 'attribute': 'shape', 'value': 'cube'}"", 'filter_with_attribute: EventType.action_output - Action: filter_with_attribute finishes, Observation: [0, 1, 3]', ""filter_with_attribute: EventType.action - Action: filter_with_attribute starts, Args: {'object_ids': [0, 1, 3], 'attribute': 'shape', 'value': 'sphere'}"", 'filter_with_attribute: EventType.action_output - Action: filter_with_attribute finishes, Observation: []', ""answer_counting: EventType.action - Action: answer_counting starts, Args: {'answer': 1}"", 'answer_counting: EventType.action_output - Action: answer_counting finishes, Observation: 1']",sphere
No answer found.,"[""filter_with_attribute: EventType.action - Action: filter_with_attribute starts, Args: {'object_ids': [], 'attribute': 'shape', 'value': 'sphere'}"", 'filter_with_attribute: EventType.action_output - Action: filter_with_attribute finishes, Observation: [0, 7]', ""get_same_objects: EventType.action - Action: get_same_objects starts, Args: {'object_id': 0, 'attribute': 'size'}"", 'get_same_objects: EventType.action_output - Action: get_same_objects finishes, Observation: [2, 3, 4, 5, 6, 8]', ""get_same_objects: EventType.action - Action: get_same_objects starts, Args: {'object_id': 7, 'attribute': 'size'}"", 'get_same_objects: EventType.action_output - Action: get_same_objects finishes, Observation: [1]', ""get_same_objects: EventType.action - Action: get_same_objects starts, Args: {'object_id': 0, 'attribute': 'size'}"", 'get_same_objects: EventType.action_output - Action: get_same_objects finishes, Observation: [2, 3, 4, 5, 6, 8]', ""get_related_objects: EventType.action - Action: get_related_objects starts, Args: {'object_id': 0, 'relation': 'right'}"", 'get_related_objects: EventType.action_output - Action: get_related_objects finishes, Observation: [2, 4]', ""get_related_objects: EventType.action - Action: get_related_objects starts, Args: {'object_id': 7, 'relation': 'left'}"", 'get_related_objects: EventType.action_output - Action: get_related_objects finishes, Observation: [1, 6]', ""filter_with_attribute: EventType.action - Action: filter_with_attribute starts, Args: {'object_ids': [0, 7], 'attribute': 'size', 'value': 'large'}"", 'filter_with_attribute: EventType.action_output - Action: filter_with_attribute finishes, Observation: [7]', ""get_same_objects: EventType.action - Action: get_same_objects starts, Args: {'object_id': 7, 'attribute': 'color'}"", 'get_same_objects: EventType.action_output - Action: get_same_objects finishes, Observation: []', ""get_same_objects: EventType.action - Action: get_same_objects starts, Args: {'object_id': 7, 'attribute': 'color'}"", 'get_same_objects: EventType.action_output - Action: get_same_objects finishes, Observation: []']",green
1,"[""get_same_objects: EventType.action - Action: get_same_objects starts, Args: {'object_id': 0, 'attribute': 'color'}"", 'get_same_objects: EventType.action_output - Action: get_same_objects finishes, Observation: [1, 3]', ""get_same_objects: EventType.action - Action: get_same_objects starts, Args: {'object_id': 1, 'attribute': 'color'}"", 'get_same_objects: EventType.action_output - Action: get_same_objects finishes, Observation: [0, 3]', ""filter_with_attribute: EventType.action - Action: filter_with_attribute starts, Args: {'object_ids': [0, 1, 3], 'attribute': 'color', 'value': 'same'}"", 'filter_with_attribute: EventType.action_output - Action: filter_with_attribute finishes, Observation: []', ""filter_with_attribute: EventType.action - Action: filter_with_attribute starts, Args: {'object_ids': [0, 1, 3], 'attribute': 'color', 'value': 'different'}"", 'filter_with_attribute: EventType.action_output - Action: filter_with_attribute finishes, Observation: []', ""answer_counting: EventType.action - Action: answer_counting starts, Args: {'answer': 1}"", 'answer_counting: EventType.action_output - Action: answer_counting finishes, Observation: 1']",purple
2,"[""filter_with_attribute: EventType.action - Action: filter_with_attribute starts, Args: {'object_ids': [], 'attribute': 'Color', 'value': 'purple'}"", ""critic: EventType.action_output - Error in executing action: filter_with_attribute. Error: 'Color'"", ""filter_with_attribute: EventType.action - Action: filter_with_attribute starts, Args: {'object_ids': [], 'attribute': 'color', 'value': 'purple'}"", 'filter_with_attribute: EventType.action_output - Action: filter_with_attribute finishes, Observation: [0, 2, 3]', ""get_same_objects: EventType.action - Action: get_same_objects starts, Args: {'object_id': 0, 'attribute': 'Material'}"", ""critic: EventType.action_output - Error in executing action: get_same_objects. Error: 'Material'"", ""get_same_objects: EventType.action - Action: get_same_objects starts, Args: {'object_id': 2, 'attribute': 'material'}"", 'get_same_objects: EventType.action_output - Action: get_same_objects finishes, Observation: [0, 3]', ""get_same_objects: EventType.action - Action: get_same_objects starts, Args: {'object_id': 3, 'attribute': 'material'}"", 'get_same_objects: EventType.action_output - Action: get_same_objects finishes, Observation: [0, 2]', ""answer_counting: EventType.action - Action: answer_counting starts, Args: {'answer': 2}"", 'answer_counting: EventType.action_output - Action: answer_counting finishes, Observation: 2']",metal
No answer found.,"[""get_related_objects: EventType.action - Action: get_related_objects starts, Args: {'object_id': 0, 'relation': 'right'}"", 'get_related_objects: EventType.action_output - Action: get_related_objects finishes, Observation: [1, 4]', ""get_same_objects: EventType.action - Action: get_same_objects starts, Args: {'object_id': 1, 'attribute': 'color'}"", 'get_same_objects: EventType.action_output - Action: get_same_objects finishes, Observation: []', ""get_related_objects: EventType.action - Action: get_related_objects starts, Args: {'object_id': 4, 'relation': 'right'}"", 'get_related_objects: EventType.action_output - Action: get_related_objects finishes, Observation: [1]', ""filter_with_attribute: EventType.action - Action: filter_with_attribute starts, Args: {'object_ids': [1], 'attribute': 'color', 'value': 'red'}"", 'filter_with_attribute: EventType.action_output - Action: filter_with_attribute finishes, Observation: [1]', ""filter_with_attribute: EventType.action - Action: filter_with_attribute starts, Args: {'object_ids': [1], 'attribute': 'color', 'value': 'red'}"", 'filter_with_attribute: EventType.action_output - Action: filter_with_attribute finishes, Observation: [1]', ""filter_with_attribute: EventType.action - Action: filter_with_attribute starts, Args: {'object_ids': [1], 'attribute': 'color', 'value': 'red'}"", 'filter_with_attribute: EventType.action_output - Action: filter_with_attribute finishes, Observation: [1]', ""filter_with_attribute: EventType.action - Action: filter_with_attribute starts, Args: {'object_ids': [1], 'attribute': 'color', 'value': 'red'}"", 'filter_with_attribute: EventType.action_output - Action: filter_with_attribute finishes, Observation: [1]', ""filter_with_attribute: EventType.action - Action: filter_with_attribute starts, Args: {'object_ids': [1], 'attribute': 'color', 'value': 'red'}"", 'filter_with_attribute: EventType.action_output - Action: filter_with_attribute finishes, Observation: [1]', ""filter_with_attribute: EventType.action - Action: filter_with_attribute starts, Args: {'object_ids': [1], 'attribute': 'color', 'value': 'red'}"", 'filter_with_attribute: EventType.action_output - Action: filter_with_attribute finishes, Observation: [1]']",red
2,"[""filter_with_attribute: EventType.action - Action: filter_with_attribute starts, Args: {'object_ids': [], 'attribute': 'size', 'value': 'small'}"", 'filter_with_attribute: EventType.action_output - Action: filter_with_attribute finishes, Observation: [0, 2, 3, 4, 5, 6, 7]', ""get_same_objects: EventType.action - Action: get_same_objects starts, Args: {'object_id': 0, 'attribute': 'shape'}"", 'get_same_objects: EventType.action_output - Action: get_same_objects finishes, Observation: [2, 7, 8]', ""get_same_objects: EventType.action - Action: get_same_objects starts, Args: {'object_id': 2, 'attribute': 'shape'}"", 'get_same_objects: EventType.action_output - Action: get_same_objects finishes, Observation: [0, 7, 8]', ""filter_with_attribute: EventType.action - Action: filter_with_attribute starts, Args: {'object_ids': [0, 2, 3, 4, 5, 6, 7], 'attribute': 'shape', 'value': 'sphere'}"", 'filter_with_attribute: EventType.action_output - Action: filter_with_attribute finishes, Observation: [4, 6]', ""filter_with_attribute: EventType.action - Action: filter_with_attribute starts, Args: {'object_ids': [0, 2, 3, 4, 5, 6, 7], 'attribute': 'shape', 'value': 'cylinder'}"", 'filter_with_attribute: EventType.action_output - Action: filter_with_attribute finishes, Observation: [0, 2, 7]', ""answer_counting: EventType.action - Action: answer_counting starts, Args: {'answer': 2}"", 'answer_counting: EventType.action_output - Action: answer_counting finishes, Observation: 2']",cylinder
No answer found.,"[""filter_with_attribute: EventType.action - Action: filter_with_attribute starts, Args: {'object_ids': [], 'attribute': 'Material', 'value': 'metal'}"", ""critic: EventType.action_output - Error in executing action: filter_with_attribute. Error: 'Material'"", ""filter_with_attribute: EventType.action - Action: filter_with_attribute starts, Args: {'object_ids': [], 'attribute': 'Material', 'value': 'metal'}"", ""critic: EventType.action_output - Error in executing action: filter_with_attribute. Error: 'Material'"", ""filter_with_attribute: EventType.action - Action: filter_with_attribute starts, Args: {'object_ids': [], 'attribute': 'Material', 'value': 'metal'}"", ""critic: EventType.action_output - Error in executing action: filter_with_attribute. Error: 'Material'"", ""filter_with_attribute: EventType.action - Action: filter_with_attribute starts, Args: {'object_ids': [], 'attribute': 'Material', 'value': 'metal'}"", ""critic: EventType.action_output - Error in executing action: filter_with_attribute. Error: 'Material'"", ""filter_with_attribute: EventType.action - Action: filter_with_attribute starts, Args: {'object_ids': [], 'attribute': 'Material', 'value': 'metal'}"", ""critic: EventType.action_output - Error in executing action: filter_with_attribute. Error: 'Material'"", ""filter_with_attribute: EventType.action - Action: filter_with_attribute starts, Args: {'object_ids': [], 'attribute': 'Material', 'value': 'rubber'}"", ""critic: EventType.action_output - Error in executing action: filter_with_attribute. Error: 'Material'"", ""filter_with_attribute: EventType.action - Action: filter_with_attribute starts, Args: {'object_ids': [], 'attribute': 'Material', 'value': 'rubber'}"", ""critic: EventType.action_output - Error in executing action: filter_with_attribute. Error: 'Material'"", ""filter_with_attribute: EventType.action - Action: filter_with_attribute starts, Args: {'object_ids': [], 'attribute': 'Material', 'value': 'rubber'}"", ""critic: EventType.action_output - Error in executing action: filter_with_attribute. Error: 'Material'"", ""get_same_objects: EventType.action - Action: get_same_objects starts, Args: {'object_id': 0, 'attribute': 'Material'}"", ""critic: EventType.action_output - Error in executing action: get_same_objects. Error: 'Material'""]",rubber
cube,"[""answer_querying: EventType.action - Action: answer_querying starts, Args: {'answer': 'cube'}"", 'answer_querying: EventType.action_output - Action: answer_querying finishes, Observation: cube']",sphere
unknown,"[""answer_querying: EventType.action - Action: answer_querying starts, Args: {'answer': 'unknown'}"", 'answer_querying: EventType.action_output - Action: answer_querying finishes, Observation: unknown']",sphere
unknown,"[""answer_querying: EventType.action - Action: answer_querying starts, Args: {'answer': 'unknown'}"", 'answer_querying: EventType.action_output - Action: answer_querying finishes, Observation: unknown']",red
0,"[""filter_with_attribute: EventType.action - Action: filter_with_attribute starts, Args: {'object_ids': [], 'attribute': 'color', 'value': 'brown'}"", 'filter_with_attribute: EventType.action_output - Action: filter_with_attribute finishes, Observation: [1, 2]', ""filter_with_attribute: EventType.action - Action: filter_with_attribute starts, Args: {'object_ids': [1, 2], 'attribute': 'shape', 'value': ''}"", 'filter_with_attribute: EventType.action_output - Action: filter_with_attribute finishes, Observation: []', ""answer_counting: EventType.action - Action: answer_counting starts, Args: {'answer': 0}"", 'answer_counting: EventType.action_output - Action: answer_counting finishes, Observation: 0']",cube
2,"[""get_same_objects: EventType.action - Action: get_same_objects starts, Args: {'object_id': 0, 'attribute': 'color'}"", 'get_same_objects: EventType.action_output - Action: get_same_objects finishes, Observation: [4]', ""get_same_objects: EventType.action - Action: get_same_objects starts, Args: {'object_id': 4, 'attribute': 'color'}"", 'get_same_objects: EventType.action_output - Action: get_same_objects finishes, Observation: [0]', ""filter_with_attribute: EventType.action - Action: filter_with_attribute starts, Args: {'object_ids': [0, 4], 'attribute': 'color', 'value': 'red'}"", 'filter_with_attribute: EventType.action_output - Action: filter_with_attribute finishes, Observation: [0, 4]', ""answer_counting: EventType.action - Action: answer_counting starts, Args: {'answer': 2}"", 'answer_counting: EventType.action_output - Action: answer_counting finishes, Observation: 2']",cyan
