predicted,actual,num_llm_calls
2,2,8
0,0,3
8,8,7
2,2,6
5,5,6
2,1,3
2,2,6
2,2,6
1,1,3
2,2,4
2,2,6
2,2,7
1,1,3
2,1,3
2,2,6
1,1,7
0,0,9
3,3,6
4,4,7
1,1,8
2,2,6
3,3,6
3,3,6
3,3,7
3,3,7
3,3,6
4,4,6
1,1,6
1,1,3
4,4,6
3,3,6
5,5,6
2,2,3
yes,yes,7
yes,yes,3
no,no,7
no,no,5
no,no,2
no,no,7
no,no,7
no,no,9
no,no,8
yes,yes,4
yes,yes,4
yes,yes,3
yes,yes,7
yes,yes,9
no,no,3
no,no,7
yes,yes,3
no,no,8
no,no,9
no,no,2
no,no,3
no,no,7
no,no,3
no,no,3
yes,yes,7
yes,yes,3
no,no,2
yes,yes,3
no,no,9
no,no,3
yes,yes,7
yes,yes,2
yes,yes,4
cylinder,cylinder,3
green,green,5
cube,cube,3
rubber,rubber,5
green,green,3
sphere,sphere,4
sphere,sphere,7
green,yellow,9
green,green,9
cube,cube,8
yellow,yellow,9
red,red,4
yellow,yellow,6
rubber,rubber,3
sphere,sphere,3
yes,red,7
cylinder,cylinder,4
cylinder,cylinder,9
small yellow rubber cube,cylinder,9
cube,cube,4
sphere,sphere,3
blue,blue,2
sphere,sphere,2
green,green,7
purple,purple,3
yes,metal,7
red,red,5
no,cylinder,8
matte,rubber,3
sphere,sphere,6
sphere,sphere,4
red,red,9
cube,cube,3
cyan,cyan,10
